{
  "sounds": {
    "nether.nether": 0.2033195048570633,
    "end.suspense": 0.2033195048570633,
    "abyssalcraft-dark.suspense": 0.2033195048570633,
    "void-dark.suspense": 0.19917012751102448,
    "twilight_forest-dark.suspense": 0.19502075016498566,
    "deepcave.cave": 0.19917012751102448,
    "planet-wind.wind": 0.19917012751102448,
    "underwater.underwater": 0.19917012751102448,
    "rain.rain": 0.19917012751102448,
    "storm-close.storm-close": 0.19502075016498566,
    "storm-close.wind": 0.19502075016498566,
    "storm-away.storm-away": 0.19502075016498566,
    "storm-away.howling-wind": 0.19502075016498566,
    "cave-ambience.suspense": 0.19502075016498566,
    "sky.light-wind": 0.19502075016498566,
    "forest.bird-ambience": 0.19917012751102448,
    "forest.owl": 0.19502075016498566,
    "cold-forest.crow": 0.19502075016498566,
    "taiga.bird-ambience-huge": 0.2033195048570633,
    "highland.heavy-wind": 0.19502075016498566,
    "mesa.wind-mesa": 0.2033195048570633,
    "roofed-forest.bird-ambience-spooky": 0.2033195048570633,
    "grass.cricket": 0.19917012751102448,
    "grass.cricket-night": 0.19502075016498566,
    "grass.cicadas-night": 0.19502075016498566,
    "plains.cricket": 0.2033195048570633,
    "plains.cricket-night": 0.2033195048570633,
    "plains.cicadas-night": 0.2033195048570633,
    "savanna.cricket": 0.2033195048570633,
    "savanna.cicadas": 0.19917012751102448,
    "savanna.cicadas-desert": 0.19917012751102448,
    "savanna.cricket-warm-night": 0.19917012751102448,
    "savanna.wolf": 0.19502075016498566,
    "savanna.bird-warm": 0.19917012751102448,
    "desert.cicadas-desert": 0.2033195048570633,
    "desert.light-wind": 0.19502075016498566,
    "swamp.cricket-swamp": 0.19917012751102448,
    "swamp.cricket-warm-night": 0.19502075016498566,
    "swamp.frog": 0.19502075016498566,
    "jungle.cricket-jungle": 0.19502075016498566,
    "jungle.cricket-jungle-night": 0.19502075016498566,
    "jungle.bird-ambience-jungle": 0.19502075016498566,
    "jungle.bird-ambience-jungle-night": 0.19502075016498566,
    "cold.light-wind": 0.19502075016498566,
    "beach.beach": 0.19502075016498566,
    "beach.seagull": 0.19502075016498566,
    "beach.seagull-long": 0.19502075016498566,
    "ocean.ocean": 0.19502075016498566,
    "ocean.light-wind": 0.19502075016498566
  },
  "dimensions": {
    "nether": 0.14522822201251984,
    "the end": 0.14522822201251984,
    "abyssalcraft": 0.14937759935855865,
    "void": 0.15352697670459747,
    "twilight_forest": 0.15352697670459747,
    "betweenlands": 0.15352697670459747,
    "cave-dimensions": 0.14937759935855865,
    "midnight-dimension": 0.15352697670459747,
    "galacticraft": 0.14522822201251984,
    "galacticraft.planets": 0.15352697670459747,
    "surface": 0.15352697670459747
  },
  "silent-dimensions": []
}