{
  "author": "WenXin2",
  "forClass": "twilightforest.entity.WinterWolfEntity",
  "customClass": "me.ichun.mods.ichunutil.api.common.head.entity.HeadWolf",
  "modelFieldName": "head.field_228298_b_",
  "eyeOffset": [
    -0.0625,
    0.03125,
    0.125
  ],
  "irisColour": [
    0.9843137,
    0.83137256,
    0.44705883
  ],
  "pupilColour": [
    0.8980392,
    0.7058824,
    0.34509805
  ],
  "eyeOffsetTame": [
    -0.0625,
    0.0625,
    0.125
  ],
  "irisColourAngry": [
    0.7137255,
    0.05882353,
    0.05882353
  ],
  "pupilColourAngry": [
    0.89411765,
    0.18039216,
    0.18039216
  ],
  "eyeScale": 0.65,
  "headTopCenter": [
    -0.0625,
    0.125,
    0.0
  ],
  "headScale": 0.75
}